S	U	N	N	Y
S	U	N	N	Y
S	U	N	N	Y
R	A	I	N	Y
S	U	N	N	Y
R	A	I	N	Y
H	A	Z	E
S	U	N	N	Y
R	A	I	N	Y
H	A	Z	E
R	A	I	N	Y
S	N	O	W	Y
R	A	I	N	Y
S	U	N	N	Y
H	A	Z	E
R	A	I	N	Y
H	A	Z	E
S	N	O	W	Y
S	N	O	W	Y
S	N	O	W	Y
S	N	O	W	Y
H	A	Z	E
H	A	Z	E
H	A	Z	E
S	U	N	N	Y
S	U	N	N	Y
R	A	I	N	Y
R	A	I	N	Y
S	N	O	W	Y
S	U	N	N	Y
S	U	N	N	Y
S	N	O	W	Y
H	A	Z	E
S	N	O	W	Y
H	A	Z	E
S	N	O	W	Y
S	U	N	N	Y
R	A	I	N	Y
S	N	O	W	Y
S	N	O	W	Y
R	A	I	N	Y
S	U	N	N	Y
S	N	O	W	Y
R	A	I	N	Y
S	N	O	W	Y
S	N	O	W	Y
R	A	I	N	Y
H	A	Z	E
H	A	Z	E
S	N	O	W	Y
S	N	O	W	Y
H	A	Z	E
S	N	O	W	Y
H	A	Z	E
S	U	N	N	Y
S	U	N	N	Y
S	U	N	N	Y
R	A	I	N	Y
R	A	I	N	Y
S	N	O	W	Y
S	U	N	N	Y
R	A	I	N	Y
S	N	O	W	Y
S	U	N	N	Y
S	U	N	N	Y
R	A	I	N	Y
S	U	N	N	Y
S	N	O	W	Y
S	U	N	N	Y
H	A	Z	E
S	U	N	N	Y
H	A	Z	E
R	A	I	N	Y
R	A	I	N	Y
S	N	O	W	Y
S	U	N	N	Y
S	U	N	N	Y
S	U	N	N	Y
H	A	Z	E
S	N	O	W	Y
S	U	N	N	Y
S	U	N	N	Y
S	U	N	N	Y
S	U	N	N	Y
S	U	N	N	Y
S	N	O	W	Y
H	A	Z	E
S	N	O	W	Y
R	A	I	N	Y
S	U	N	N	Y
R	A	I	N	Y
S	U	N	N	Y
S	U	N	N	Y
S	U	N	N	Y
S	N	O	W	Y
S	N	O	W	Y
H	A	Z	E
S	N	O	W	Y
R	A	I	N	Y
S	U	N	N	Y
R	A	I	N	Y
H	A	Z	E
S	U	N	N	Y
R	A	I	N	Y
S	N	O	W	Y
H	A	Z	E
S	U	N	N	Y
H	A	Z	E
S	N	O	W	Y
R	A	I	N	Y
H	A	Z	E
S	N	O	W	Y
S	U	N	N	Y
S	N	O	W	Y
S	N	O	W	Y
R	A	I	N	Y
S	U	N	N	Y
R	A	I	N	Y
R	A	I	N	Y
H	A	Z	E
S	N	O	W	Y
S	N	O	W	Y
S	N	O	W	Y
S	U	N	N	Y
R	A	I	N	Y
R	A	I	N	Y
R	A	I	N	Y
H	A	Z	E
S	U	N	N	Y
S	U	N	N	Y
H	A	Z	E
S	U	N	N	Y
H	A	Z	E
R	A	I	N	Y
S	N	O	W	Y
H	A	Z	E
S	U	N	N	Y
S	N	O	W	Y
S	N	O	W	Y
R	A	I	N	Y
S	N	O	W	Y
S	U	N	N	Y
S	U	N	N	Y
S	N	O	W	Y
H	A	Z	E
S	N	O	W	Y
R	A	I	N	Y
S	N	O	W	Y
R	A	I	N	Y
S	U	N	N	Y
S	U	N	N	Y
H	A	Z	E
R	A	I	N	Y
S	N	O	W	Y
S	N	O	W	Y
H	A	Z	E
S	U	N	N	Y
S	U	N	N	Y
S	N	O	W	Y
R	A	I	N	Y
S	N	O	W	Y
S	N	O	W	Y
S	U	N	N	Y
S	U	N	N	Y
S	U	N	N	Y
R	A	I	N	Y
S	U	N	N	Y
H	A	Z	E
S	U	N	N	Y
H	A	Z	E
S	N	O	W	Y
S	U	N	N	Y
R	A	I	N	Y
S	N	O	W	Y
S	U	N	N	Y
S	N	O	W	Y
S	N	O	W	Y
S	N	O	W	Y
H	A	Z	E
S	U	N	N	Y
S	U	N	N	Y
H	A	Z	E
S	U	N	N	Y
H	A	Z	E
H	A	Z	E
H	A	Z	E
S	U	N	N	Y
S	N	O	W	Y
S	U	N	N	Y
S	N	O	W	Y
S	N	O	W	Y
S	U	N	N	Y
R	A	I	N	Y
S	U	N	N	Y
S	N	O	W	Y
S	U	N	N	Y
S	N	O	W	Y
S	N	O	W	Y
S	N	O	W	Y
S	U	N	N	Y
H	A	Z	E
S	N	O	W	Y
R	A	I	N	Y
S	N	O	W	Y
H	A	Z	E
S	N	O	W	Y
H	A	Z	E
S	U	N	N	Y
S	U	N	N	Y
R	A	I	N	Y
S	U	N	N	Y
S	U	N	N	Y
S	N	O	W	Y
H	A	Z	E
R	A	I	N	Y
S	N	O	W	Y
S	U	N	N	Y
S	U	N	N	Y
R	A	I	N	Y
S	N	O	W	Y
S	N	O	W	Y
H	A	Z	E
H	A	Z	E
R	A	I	N	Y
S	U	N	N	Y
R	A	I	N	Y
S	N	O	W	Y
R	A	I	N	Y
R	A	I	N	Y
S	U	N	N	Y
H	A	Z	E
S	N	O	W	Y
R	A	I	N	Y
S	N	O	W	Y
S	U	N	N	Y
H	A	Z	E
R	A	I	N	Y
S	U	N	N	Y
S	N	O	W	Y
S	U	N	N	Y
S	N	O	W	Y
R	A	I	N	Y
S	N	O	W	Y
H	A	Z	E
R	A	I	N	Y
H	A	Z	E
R	A	I	N	Y
H	A	Z	E
S	U	N	N	Y
S	N	O	W	Y
S	N	O	W	Y
S	N	O	W	Y
H	A	Z	E
S	N	O	W	Y
H	A	Z	E
S	U	N	N	Y
H	A	Z	E
S	N	O	W	Y
R	A	I	N	Y
S	N	O	W	Y
R	A	I	N	Y
S	N	O	W	Y
R	A	I	N	Y
R	A	I	N	Y
S	N	O	W	Y
H	A	Z	E
S	N	O	W	Y
H	A	Z	E
S	U	N	N	Y
S	U	N	N	Y
H	A	Z	E
R	A	I	N	Y
S	N	O	W	Y
H	A	Z	E
S	N	O	W	Y
S	U	N	N	Y
H	A	Z	E
R	A	I	N	Y
S	N	O	W	Y
S	N	O	W	Y
R	A	I	N	Y
S	U	N	N	Y
H	A	Z	E
S	N	O	W	Y
S	U	N	N	Y
S	N	O	W	Y
H	A	Z	E
S	N	O	W	Y
R	A	I	N	Y
S	U	N	N	Y
S	N	O	W	Y
S	N	O	W	Y
S	N	O	W	Y
S	N	O	W	Y
H	A	Z	E
H	A	Z	E
S	U	N	N	Y
H	A	Z	E
S	N	O	W	Y
H	A	Z	E
H	A	Z	E
S	N	O	W	Y
S	U	N	N	Y
S	U	N	N	Y
S	U	N	N	Y
S	U	N	N	Y
H	A	Z	E
H	A	Z	E
S	N	O	W	Y
S	U	N	N	Y
S	U	N	N	Y
S	N	O	W	Y
S	U	N	N	Y
S	U	N	N	Y
R	A	I	N	Y
R	A	I	N	Y
S	N	O	W	Y
R	A	I	N	Y
H	A	Z	E
S	U	N	N	Y
R	A	I	N	Y
R	A	I	N	Y
H	A	Z	E
S	N	O	W	Y
R	A	I	N	Y
S	N	O	W	Y
S	U	N	N	Y
S	U	N	N	Y
R	A	I	N	Y
S	U	N	N	Y
S	U	N	N	Y
R	A	I	N	Y
R	A	I	N	Y
S	N	O	W	Y
S	N	O	W	Y
H	A	Z	E
R	A	I	N	Y
S	U	N	N	Y
R	A	I	N	Y
S	U	N	N	Y
H	A	Z	E
S	U	N	N	Y
S	N	O	W	Y
R	A	I	N	Y
S	N	O	W	Y
S	N	O	W	Y
R	A	I	N	Y
S	U	N	N	Y
R	A	I	N	Y
S	U	N	N	Y
S	N	O	W	Y
S	N	O	W	Y
S	U	N	N	Y
H	A	Z	E
H	A	Z	E
S	U	N	N	Y
H	A	Z	E
S	N	O	W	Y
R	A	I	N	Y
S	U	N	N	Y
S	U	N	N	Y
S	N	O	W	Y
S	U	N	N	Y
S	N	O	W	Y
S	U	N	N	Y
R	A	I	N	Y
S	U	N	N	Y
S	N	O	W	Y
S	U	N	N	Y
S	N	O	W	Y
S	N	O	W	Y
H	A	Z	E
S	N	O	W	Y
H	A	Z	E
S	U	N	N	Y
S	N	O	W	Y
S	N	O	W	Y
S	U	N	N	Y
S	N	O	W	Y
S	U	N	N	Y
H	A	Z	E
H	A	Z	E
S	N	O	W	Y
H	A	Z	E
S	N	O	W	Y
H	A	Z	E
R	A	I	N	Y
S	U	N	N	Y
S	N	O	W	Y
R	A	I	N	Y
S	U	N	N	Y
S	N	O	W	Y
H	A	Z	E
S	N	O	W	Y
S	N	O	W	Y
S	U	N	N	Y
S	U	N	N	Y
H	A	Z	E
S	U	N	N	Y
S	U	N	N	Y
R	A	I	N	Y
H	A	Z	E
S	U	N	N	Y
S	U	N	N	Y
S	N	O	W	Y
S	U	N	N	Y
S	U	N	N	Y
S	N	O	W	Y
S	N	O	W	Y
H	A	Z	E
S	U	N	N	Y
S	N	O	W	Y
S	U	N	N	Y
S	U	N	N	Y
S	U	N	N	Y
S	N	O	W	Y
R	A	I	N	Y
S	U	N	N	Y
S	U	N	N	Y
H	A	Z	E
R	A	I	N	Y
S	U	N	N	Y
S	U	N	N	Y
S	U	N	N	Y
S	N	O	W	Y
H	A	Z	E
R	A	I	N	Y
S	N	O	W	Y
S	N	O	W	Y
H	A	Z	E
R	A	I	N	Y
S	U	N	N	Y
H	A	Z	E
R	A	I	N	Y
H	A	Z	E
H	A	Z	E
R	A	I	N	Y
S	U	N	N	Y
H	A	Z	E
H	A	Z	E
S	N	O	W	Y
S	N	O	W	Y
R	A	I	N	Y
R	A	I	N	Y
S	N	O	W	Y
S	U	N	N	Y
S	U	N	N	Y
S	U	N	N	Y
S	N	O	W	Y
S	N	O	W	Y
S	N	O	W	Y
H	A	Z	E
S	U	N	N	Y
S	U	N	N	Y
S	N	O	W	Y
S	N	O	W	Y
S	U	N	N	Y
S	N	O	W	Y
S	N	O	W	Y
S	N	O	W	Y
S	U	N	N	Y
S	U	N	N	Y
S	N	O	W	Y
S	N	O	W	Y
R	A	I	N	Y
S	U	N	N	Y
S	N	O	W	Y
S	N	O	W	Y
S	N	O	W	Y
R	A	I	N	Y
S	U	N	N	Y
S	N	O	W	Y
S	N	O	W	Y
S	N	O	W	Y
S	U	N	N	Y
S	U	N	N	Y
S	N	O	W	Y
R	A	I	N	Y
S	N	O	W	Y
R	A	I	N	Y
S	U	N	N	Y
S	N	O	W	Y
S	U	N	N	Y
S	N	O	W	Y
S	U	N	N	Y
S	N	O	W	Y
S	N	O	W	Y
H	A	Z	E
S	N	O	W	Y
S	N	O	W	Y
S	N	O	W	Y
S	N	O	W	Y
H	A	Z	E
H	A	Z	E
H	A	Z	E
S	N	O	W	Y
S	N	O	W	Y
S	N	O	W	Y
S	U	N	N	Y
S	N	O	W	Y
S	U	N	N	Y
S	N	O	W	Y
H	A	Z	E
S	N	O	W	Y
S	U	N	N	Y
H	A	Z	E
H	A	Z	E
S	U	N	N	Y
S	U	N	N	Y
R	A	I	N	Y
S	N	O	W	Y
R	A	I	N	Y
S	N	O	W	Y
S	U	N	N	Y
S	U	N	N	Y
S	N	O	W	Y
S	N	O	W	Y
S	U	N	N	Y
S	U	N	N	Y
S	U	N	N	Y
H	A	Z	E
R	A	I	N	Y
S	N	O	W	Y
S	U	N	N	Y
H	A	Z	E
S	U	N	N	Y
S	N	O	W	Y
R	A	I	N	Y
S	N	O	W	Y
H	A	Z	E
S	U	N	N	Y
S	U	N	N	Y
R	A	I	N	Y
S	U	N	N	Y
R	A	I	N	Y
S	U	N	N	Y
H	A	Z	E
R	A	I	N	Y
S	N	O	W	Y
S	U	N	N	Y
S	U	N	N	Y
H	A	Z	E
S	U	N	N	Y
S	N	O	W	Y
S	U	N	N	Y
S	U	N	N	Y
S	N	O	W	Y
S	N	O	W	Y
S	U	N	N	Y
S	U	N	N	Y
H	A	Z	E
S	N	O	W	Y
S	N	O	W	Y
S	N	O	W	Y
S	U	N	N	Y
R	A	I	N	Y
S	U	N	N	Y
S	N	O	W	Y
S	N	O	W	Y
S	N	O	W	Y
S	U	N	N	Y
S	N	O	W	Y
H	A	Z	E
S	U	N	N	Y
H	A	Z	E
S	N	O	W	Y
R	A	I	N	Y
R	A	I	N	Y
S	N	O	W	Y
H	A	Z	E
S	U	N	N	Y
R	A	I	N	Y
R	A	I	N	Y
S	N	O	W	Y
S	U	N	N	Y
S	N	O	W	Y
S	U	N	N	Y
S	U	N	N	Y
S	N	O	W	Y
S	N	O	W	Y
H	A	Z	E
S	U	N	N	Y
S	N	O	W	Y
H	A	Z	E
R	A	I	N	Y
S	N	O	W	Y
H	A	Z	E
S	N	O	W	Y
R	A	I	N	Y
R	A	I	N	Y
S	U	N	N	Y
S	N	O	W	Y
S	U	N	N	Y
S	U	N	N	Y
S	N	O	W	Y
S	N	O	W	Y
S	U	N	N	Y
R	A	I	N	Y
S	N	O	W	Y
S	N	O	W	Y
H	A	Z	E
S	U	N	N	Y
S	N	O	W	Y
S	U	N	N	Y
S	U	N	N	Y
S	N	O	W	Y
S	U	N	N	Y
S	U	N	N	Y
S	N	O	W	Y
R	A	I	N	Y
H	A	Z	E
S	N	O	W	Y
S	N	O	W	Y
S	U	N	N	Y
H	A	Z	E
S	U	N	N	Y
S	N	O	W	Y
S	N	O	W	Y
H	A	Z	E
S	N	O	W	Y
S	U	N	N	Y
R	A	I	N	Y
H	A	Z	E
S	U	N	N	Y
H	A	Z	E
S	N	O	W	Y
S	U	N	N	Y
S	U	N	N	Y
S	U	N	N	Y
S	N	O	W	Y
S	N	O	W	Y
S	N	O	W	Y
H	A	Z	E
S	N	O	W	Y
R	A	I	N	Y
S	U	N	N	Y
S	N	O	W	Y
S	U	N	N	Y
S	U	N	N	Y
R	A	I	N	Y
R	A	I	N	Y
S	N	O	W	Y
H	A	Z	E
S	N	O	W	Y
S	U	N	N	Y
R	A	I	N	Y
H	A	Z	E
S	U	N	N	Y
H	A	Z	E
S	U	N	N	Y
H	A	Z	E
S	U	N	N	Y
S	U	N	N	Y
S	N	O	W	Y
S	N	O	W	Y
H	A	Z	E
S	N	O	W	Y
H	A	Z	E
H	A	Z	E
S	U	N	N	Y
R	A	I	N	Y
S	U	N	N	Y
S	U	N	N	Y
S	N	O	W	Y
R	A	I	N	Y
R	A	I	N	Y
S	U	N	N	Y
H	A	Z	E
S	U	N	N	Y
R	A	I	N	Y
S	N	O	W	Y
H	A	Z	E
S	N	O	W	Y
S	U	N	N	Y
S	N	O	W	Y
H	A	Z	E
R	A	I	N	Y
S	U	N	N	Y
H	A	Z	E
H	A	Z	E
H	A	Z	E
S	U	N	N	Y
S	N	O	W	Y
S	N	O	W	Y
S	N	O	W	Y
H	A	Z	E
S	N	O	W	Y
S	U	N	N	Y
S	N	O	W	Y
H	A	Z	E
R	A	I	N	Y
R	A	I	N	Y
S	U	N	N	Y
H	A	Z	E
S	U	N	N	Y
S	U	N	N	Y
H	A	Z	E
H	A	Z	E
S	U	N	N	Y
R	A	I	N	Y
S	N	O	W	Y
H	A	Z	E
H	A	Z	E
H	A	Z	E
S	U	N	N	Y
H	A	Z	E
S	N	O	W	Y
S	U	N	N	Y
R	A	I	N	Y
H	A	Z	E
S	N	O	W	Y
S	U	N	N	Y
S	N	O	W	Y
S	N	O	W	Y
R	A	I	N	Y
S	N	O	W	Y
R	A	I	N	Y
S	U	N	N	Y
S	N	O	W	Y
S	U	N	N	Y
H	A	Z	E
R	A	I	N	Y
S	U	N	N	Y
R	A	I	N	Y
S	U	N	N	Y
S	N	O	W	Y
R	A	I	N	Y
H	A	Z	E
R	A	I	N	Y
H	A	Z	E
R	A	I	N	Y
S	N	O	W	Y
S	U	N	N	Y
S	N	O	W	Y
S	N	O	W	Y
S	U	N	N	Y
R	A	I	N	Y
H	A	Z	E
S	N	O	W	Y
R	A	I	N	Y
S	U	N	N	Y
S	N	O	W	Y
S	N	O	W	Y
S	U	N	N	Y
S	U	N	N	Y
S	N	O	W	Y
S	U	N	N	Y
H	A	Z	E
S	N	O	W	Y
S	N	O	W	Y
S	U	N	N	Y
S	N	O	W	Y
S	N	O	W	Y
H	A	Z	E
H	A	Z	E
S	N	O	W	Y
S	N	O	W	Y
S	U	N	N	Y
S	U	N	N	Y
S	U	N	N	Y
S	N	O	W	Y
S	U	N	N	Y
S	U	N	N	Y
S	N	O	W	Y
H	A	Z	E
R	A	I	N	Y
R	A	I	N	Y
S	U	N	N	Y
R	A	I	N	Y
S	N	O	W	Y
S	N	O	W	Y
S	N	O	W	Y
R	A	I	N	Y
S	N	O	W	Y
H	A	Z	E
S	N	O	W	Y
S	U	N	N	Y
H	A	Z	E
H	A	Z	E
H	A	Z	E
S	N	O	W	Y
S	N	O	W	Y
S	N	O	W	Y
S	N	O	W	Y
S	U	N	N	Y
S	N	O	W	Y
S	U	N	N	Y
R	A	I	N	Y
S	N	O	W	Y
S	N	O	W	Y
S	U	N	N	Y
R	A	I	N	Y
H	A	Z	E
S	U	N	N	Y
R	A	I	N	Y
S	U	N	N	Y
S	N	O	W	Y
S	U	N	N	Y
H	A	Z	E
S	N	O	W	Y
S	N	O	W	Y
R	A	I	N	Y
S	N	O	W	Y
S	N	O	W	Y
R	A	I	N	Y
R	A	I	N	Y
S	U	N	N	Y
S	N	O	W	Y
R	A	I	N	Y
H	A	Z	E
S	N	O	W	Y
S	U	N	N	Y
R	A	I	N	Y
R	A	I	N	Y
S	N	O	W	Y
H	A	Z	E
S	U	N	N	Y
S	N	O	W	Y
R	A	I	N	Y
R	A	I	N	Y
S	U	N	N	Y
S	N	O	W	Y
R	A	I	N	Y
H	A	Z	E
S	U	N	N	Y
S	N	O	W	Y
R	A	I	N	Y
H	A	Z	E
S	N	O	W	Y
S	N	O	W	Y
S	U	N	N	Y
S	N	O	W	Y
S	U	N	N	Y
S	N	O	W	Y
H	A	Z	E
S	N	O	W	Y
S	U	N	N	Y
S	U	N	N	Y
R	A	I	N	Y
R	A	I	N	Y
R	A	I	N	Y
S	N	O	W	Y
S	U	N	N	Y
H	A	Z	E
S	U	N	N	Y
S	N	O	W	Y
S	U	N	N	Y
S	U	N	N	Y
S	N	O	W	Y
S	U	N	N	Y
S	N	O	W	Y
S	U	N	N	Y
S	U	N	N	Y
S	N	O	W	Y
S	N	O	W	Y
S	U	N	N	Y
H	A	Z	E
R	A	I	N	Y
S	N	O	W	Y
S	N	O	W	Y
R	A	I	N	Y
S	N	O	W	Y
H	A	Z	E
S	N	O	W	Y
H	A	Z	E
S	U	N	N	Y
S	U	N	N	Y
S	U	N	N	Y
S	N	O	W	Y
S	N	O	W	Y
H	A	Z	E
S	N	O	W	Y
S	N	O	W	Y
H	A	Z	E
R	A	I	N	Y
S	U	N	N	Y
S	U	N	N	Y
R	A	I	N	Y
S	U	N	N	Y
S	U	N	N	Y
S	N	O	W	Y
S	N	O	W	Y
S	N	O	W	Y
R	A	I	N	Y
H	A	Z	E
S	N	O	W	Y
S	N	O	W	Y
S	U	N	N	Y
S	N	O	W	Y
R	A	I	N	Y
R	A	I	N	Y
H	A	Z	E
R	A	I	N	Y
S	N	O	W	Y
S	N	O	W	Y
S	N	O	W	Y
S	U	N	N	Y
S	U	N	N	Y
S	N	O	W	Y
R	A	I	N	Y
S	N	O	W	Y
H	A	Z	E
R	A	I	N	Y
S	U	N	N	Y
R	A	I	N	Y
S	N	O	W	Y
H	A	Z	E
S	U	N	N	Y
S	U	N	N	Y
R	A	I	N	Y
R	A	I	N	Y
S	N	O	W	Y
R	A	I	N	Y
H	A	Z	E
S	U	N	N	Y
S	U	N	N	Y
R	A	I	N	Y
S	U	N	N	Y
R	A	I	N	Y
S	N	O	W	Y
S	N	O	W	Y
H	A	Z	E
S	U	N	N	Y
S	N	O	W	Y
S	U	N	N	Y
S	N	O	W	Y
H	A	Z	E
H	A	Z	E
S	U	N	N	Y
S	N	O	W	Y
S	U	N	N	Y
S	N	O	W	Y
S	N	O	W	Y
S	U	N	N	Y
S	U	N	N	Y
S	U	N	N	Y
R	A	I	N	Y
H	A	Z	E
S	N	O	W	Y
S	U	N	N	Y
R	A	I	N	Y
S	N	O	W	Y
S	U	N	N	Y
R	A	I	N	Y
R	A	I	N	Y
S	N	O	W	Y
S	U	N	N	Y
S	N	O	W	Y
R	A	I	N	Y
S	U	N	N	Y
H	A	Z	E
H	A	Z	E
S	U	N	N	Y
H	A	Z	E
H	A	Z	E
S	N	O	W	Y
S	N	O	W	Y
S	U	N	N	Y
S	N	O	W	Y
S	U	N	N	Y
H	A	Z	E
H	A	Z	E
H	A	Z	E
S	N	O	W	Y
S	U	N	N	Y
S	N	O	W	Y
S	U	N	N	Y
R	A	I	N	Y
H	A	Z	E
S	N	O	W	Y
S	N	O	W	Y
H	A	Z	E
H	A	Z	E
R	A	I	N	Y
R	A	I	N	Y
H	A	Z	E
S	N	O	W	Y
R	A	I	N	Y
S	N	O	W	Y
S	N	O	W	Y
S	U	N	N	Y
H	A	Z	E
S	N	O	W	Y
R	A	I	N	Y
S	N	O	W	Y
S	N	O	W	Y
S	U	N	N	Y
S	U	N	N	Y
R	A	I	N	Y
S	N	O	W	Y
S	U	N	N	Y
S	N	O	W	Y
S	U	N	N	Y
S	U	N	N	Y
S	N	O	W	Y
H	A	Z	E
S	N	O	W	Y
S	U	N	N	Y
S	U	N	N	Y
S	U	N	N	Y
S	U	N	N	Y
S	U	N	N	Y
R	A	I	N	Y
S	N	O	W	Y
R	A	I	N	Y
H	A	Z	E
H	A	Z	E
S	N	O	W	Y
S	U	N	N	Y
S	U	N	N	Y
S	U	N	N	Y
S	N	O	W	Y
H	A	Z	E
H	A	Z	E
H	A	Z	E
S	N	O	W	Y
S	U	N	N	Y
S	N	O	W	Y
S	U	N	N	Y
S	U	N	N	Y
R	A	I	N	Y
H	A	Z	E
S	U	N	N	Y
R	A	I	N	Y
S	N	O	W	Y
S	U	N	N	Y
S	N	O	W	Y
S	N	O	W	Y
S	N	O	W	Y
R	A	I	N	Y
H	A	Z	E
S	U	N	N	Y
R	A	I	N	Y
S	N	O	W	Y
S	N	O	W	Y
S	N	O	W	Y
S	N	O	W	Y
H	A	Z	E
S	N	O	W	Y
S	N	O	W	Y
H	A	Z	E
S	N	O	W	Y
S	N	O	W	Y
H	A	Z	E
S	U	N	N	Y
H	A	Z	E
S	N	O	W	Y
R	A	I	N	Y
H	A	Z	E
H	A	Z	E
S	N	O	W	Y
S	N	O	W	Y
H	A	Z	E
S	U	N	N	Y
S	N	O	W	Y
S	U	N	N	Y
S	N	O	W	Y
R	A	I	N	Y
H	A	Z	E
H	A	Z	E
R	A	I	N	Y
S	U	N	N	Y
R	A	I	N	Y
S	N	O	W	Y
S	U	N	N	Y
R	A	I	N	Y
S	N	O	W	Y
R	A	I	N	Y
S	N	O	W	Y
S	U	N	N	Y
S	N	O	W	Y
H	A	Z	E
H	A	Z	E
R	A	I	N	Y
S	N	O	W	Y
S	U	N	N	Y
S	U	N	N	Y
H	A	Z	E
S	U	N	N	Y
R	A	I	N	Y
S	N	O	W	Y
S	U	N	N	Y
S	N	O	W	Y
S	N	O	W	Y
S	U	N	N	Y
R	A	I	N	Y
S	U	N	N	Y
S	N	O	W	Y
S	U	N	N	Y
S	N	O	W	Y
S	U	N	N	Y
H	A	Z	E
S	U	N	N	Y
H	A	Z	E
H	A	Z	E
S	N	O	W	Y
S	U	N	N	Y
R	A	I	N	Y
S	N	O	W	Y
H	A	Z	E
S	N	O	W	Y
R	A	I	N	Y
S	U	N	N	Y
S	U	N	N	Y
S	N	O	W	Y
S	N	O	W	Y
H	A	Z	E
S	N	O	W	Y
S	U	N	N	Y
S	N	O	W	Y
R	A	I	N	Y
S	U	N	N	Y
S	U	N	N	Y
S	N	O	W	Y
S	U	N	N	Y
S	U	N	N	Y
S	N	O	W	Y
H	A	Z	E
S	N	O	W	Y
S	N	O	W	Y
S	U	N	N	Y
S	N	O	W	Y
H	A	Z	E
H	A	Z	E
S	N	O	W	Y
H	A	Z	E
S	U	N	N	Y
S	N	O	W	Y
S	N	O	W	Y
S	U	N	N	Y
R	A	I	N	Y
S	U	N	N	Y
S	U	N	N	Y
R	A	I	N	Y
H	A	Z	E
H	A	Z	E
S	N	O	W	Y
S	N	O	W	Y
H	A	Z	E
R	A	I	N	Y
S	U	N	N	Y
S	N	O	W	Y
S	U	N	N	Y
S	N	O	W	Y
H	A	Z	E
H	A	Z	E
S	U	N	N	Y
R	A	I	N	Y
S	U	N	N	Y
R	A	I	N	Y
S	U	N	N	Y
R	A	I	N	Y
R	A	I	N	Y
S	N	O	W	Y
S	U	N	N	Y
S	U	N	N	Y
S	N	O	W	Y
S	N	O	W	Y
H	A	Z	E
S	N	O	W	Y
S	N	O	W	Y
R	A	I	N	Y
H	A	Z	E
S	N	O	W	Y
S	N	O	W	Y
S	U	N	N	Y
R	A	I	N	Y
S	U	N	N	Y
H	A	Z	E
S	N	O	W	Y
S	U	N	N	Y
S	U	N	N	Y
S	U	N	N	Y
S	N	O	W	Y
R	A	I	N	Y
H	A	Z	E
S	U	N	N	Y
S	U	N	N	Y
R	A	I	N	Y
S	N	O	W	Y
S	U	N	N	Y
H	A	Z	E
H	A	Z	E
R	A	I	N	Y
S	U	N	N	Y
H	A	Z	E
S	N	O	W	Y
H	A	Z	E
H	A	Z	E
R	A	I	N	Y
H	A	Z	E
S	N	O	W	Y
H	A	Z	E
R	A	I	N	Y
S	N	O	W	Y
H	A	Z	E
H	A	Z	E
S	U	N	N	Y
S	N	O	W	Y
H	A	Z	E
S	U	N	N	Y
H	A	Z	E
S	N	O	W	Y
H	A	Z	E
S	N	O	W	Y
H	A	Z	E
S	N	O	W	Y
S	U	N	N	Y
S	N	O	W	Y
R	A	I	N	Y
H	A	Z	E
S	N	O	W	Y
R	A	I	N	Y
S	N	O	W	Y
H	A	Z	E
S	U	N	N	Y
S	N	O	W	Y
H	A	Z	E
S	U	N	N	Y
S	U	N	N	Y
S	N	O	W	Y
R	A	I	N	Y
R	A	I	N	Y
H	A	Z	E
S	U	N	N	Y
S	N	O	W	Y
S	U	N	N	Y
S	U	N	N	Y
S	U	N	N	Y
S	N	O	W	Y
S	U	N	N	Y
S	N	O	W	Y
S	N	O	W	Y
R	A	I	N	Y
S	N	O	W	Y
S	U	N	N	Y
S	N	O	W	Y
H	A	Z	E
R	A	I	N	Y
S	U	N	N	Y
R	A	I	N	Y
R	A	I	N	Y
S	U	N	N	Y
H	A	Z	E
S	U	N	N	Y
R	A	I	N	Y
S	N	O	W	Y
S	N	O	W	Y
S	N	O	W	Y
R	A	I	N	Y
H	A	Z	E
S	U	N	N	Y
R	A	I	N	Y
S	U	N	N	Y
S	N	O	W	Y
S	N	O	W	Y
S	N	O	W	Y
S	N	O	W	Y
S	U	N	N	Y
R	A	I	N	Y
R	A	I	N	Y
S	U	N	N	Y
S	N	O	W	Y
S	N	O	W	Y
S	U	N	N	Y
S	N	O	W	Y
R	A	I	N	Y
H	A	Z	E
H	A	Z	E
S	N	O	W	Y
H	A	Z	E
S	U	N	N	Y
S	U	N	N	Y
S	N	O	W	Y
R	A	I	N	Y
S	U	N	N	Y
H	A	Z	E
S	N	O	W	Y
H	A	Z	E
S	U	N	N	Y
S	N	O	W	Y
S	U	N	N	Y
R	A	I	N	Y
S	N	O	W	Y
H	A	Z	E
S	U	N	N	Y
S	N	O	W	Y
R	A	I	N	Y
S	N	O	W	Y
H	A	Z	E
S	N	O	W	Y
R	A	I	N	Y
S	U	N	N	Y
S	U	N	N	Y
S	U	N	N	Y
S	N	O	W	Y
H	A	Z	E
R	A	I	N	Y
S	N	O	W	Y
S	U	N	N	Y
S	N	O	W	Y
R	A	I	N	Y
H	A	Z	E
S	U	N	N	Y
S	U	N	N	Y
H	A	Z	E
S	N	O	W	Y
S	U	N	N	Y
S	U	N	N	Y
S	U	N	N	Y
R	A	I	N	Y
S	U	N	N	Y
H	A	Z	E
S	U	N	N	Y
S	N	O	W	Y
S	N	O	W	Y
H	A	Z	E
H	A	Z	E
S	U	N	N	Y
H	A	Z	E
S	N	O	W	Y
H	A	Z	E
S	N	O	W	Y
S	N	O	W	Y
S	N	O	W	Y
H	A	Z	E
H	A	Z	E
S	N	O	W	Y
S	U	N	N	Y
S	U	N	N	Y
S	U	N	N	Y
S	U	N	N	Y
S	N	O	W	Y
H	A	Z	E
R	A	I	N	Y
H	A	Z	E
H	A	Z	E
S	N	O	W	Y
S	U	N	N	Y
S	U	N	N	Y
R	A	I	N	Y
S	U	N	N	Y
S	U	N	N	Y
S	U	N	N	Y
S	U	N	N	Y
S	U	N	N	Y
R	A	I	N	Y
H	A	Z	E
S	N	O	W	Y
H	A	Z	E
H	A	Z	E
S	N	O	W	Y
S	N	O	W	Y
S	N	O	W	Y
S	U	N	N	Y
S	U	N	N	Y
H	A	Z	E
S	N	O	W	Y
S	N	O	W	Y
R	A	I	N	Y
S	U	N	N	Y
S	U	N	N	Y
H	A	Z	E
S	U	N	N	Y
S	U	N	N	Y
R	A	I	N	Y
R	A	I	N	Y
S	N	O	W	Y
S	N	O	W	Y
S	U	N	N	Y
H	A	Z	E
S	U	N	N	Y
S	U	N	N	Y
S	U	N	N	Y
H	A	Z	E
H	A	Z	E
H	A	Z	E
H	A	Z	E
S	N	O	W	Y
H	A	Z	E
S	U	N	N	Y
S	U	N	N	Y
S	U	N	N	Y
R	A	I	N	Y
R	A	I	N	Y
R	A	I	N	Y
H	A	Z	E
S	U	N	N	Y
S	N	O	W	Y
S	U	N	N	Y
S	U	N	N	Y
R	A	I	N	Y
H	A	Z	E
R	A	I	N	Y
H	A	Z	E
S	U	N	N	Y
R	A	I	N	Y
S	N	O	W	Y
S	U	N	N	Y
R	A	I	N	Y
R	A	I	N	Y
S	N	O	W	Y
S	U	N	N	Y
S	U	N	N	Y
S	U	N	N	Y
R	A	I	N	Y
S	U	N	N	Y
H	A	Z	E
H	A	Z	E
S	U	N	N	Y
S	N	O	W	Y
R	A	I	N	Y
R	A	I	N	Y
S	N	O	W	Y
S	U	N	N	Y
R	A	I	N	Y
S	N	O	W	Y
S	N	O	W	Y
S	U	N	N	Y
S	N	O	W	Y
S	U	N	N	Y
S	N	O	W	Y
H	A	Z	E
S	N	O	W	Y
R	A	I	N	Y
S	N	O	W	Y
R	A	I	N	Y
S	N	O	W	Y
S	N	O	W	Y
R	A	I	N	Y
S	N	O	W	Y
H	A	Z	E
H	A	Z	E
R	A	I	N	Y
S	N	O	W	Y
H	A	Z	E
H	A	Z	E
S	U	N	N	Y
S	U	N	N	Y
S	U	N	N	Y
S	N	O	W	Y
S	N	O	W	Y
S	N	O	W	Y
H	A	Z	E
S	N	O	W	Y
S	U	N	N	Y
S	U	N	N	Y
R	A	I	N	Y
S	N	O	W	Y
R	A	I	N	Y
R	A	I	N	Y
S	N	O	W	Y
R	A	I	N	Y
H	A	Z	E
H	A	Z	E
S	N	O	W	Y
R	A	I	N	Y
S	U	N	N	Y
S	U	N	N	Y
R	A	I	N	Y
S	U	N	N	Y
S	U	N	N	Y
S	U	N	N	Y
R	A	I	N	Y
S	N	O	W	Y
S	N	O	W	Y
S	U	N	N	Y
R	A	I	N	Y
S	U	N	N	Y
S	U	N	N	Y
H	A	Z	E
S	U	N	N	Y
H	A	Z	E
R	A	I	N	Y
S	N	O	W	Y
S	U	N	N	Y
H	A	Z	E
S	N	O	W	Y
S	N	O	W	Y
R	A	I	N	Y
S	N	O	W	Y
H	A	Z	E
S	N	O	W	Y
S	N	O	W	Y
S	U	N	N	Y
S	U	N	N	Y
H	A	Z	E
R	A	I	N	Y
S	U	N	N	Y
H	A	Z	E
R	A	I	N	Y
S	U	N	N	Y
S	U	N	N	Y
S	U	N	N	Y
H	A	Z	E
S	U	N	N	Y
R	A	I	N	Y
S	U	N	N	Y
S	U	N	N	Y
H	A	Z	E
